"","char","letter","x1","y1","x2","y2","space","sent","line","word","word_line","line_char","wordID","char_word"
"1",0,"J",600,151,610,209,NA,1,1,1,1,1,"John",1
"3",1,"o",610,151,620,209,NA,1,1,1,1,2,"John",2
"5",2,"h",620,151,630,209,NA,1,1,1,1,3,"John",3
"7",3,"n",630,151,640,209,NA,1,1,1,1,4,"John",4
"9",4,"",NA,640,151,650,NA,1,1,2,1,5,"Roebling",0
"11",5,"R",650,151,660,209,NA,1,1,2,1,6,"Roebling",1
"13",6,"o",660,151,670,209,NA,1,1,2,1,7,"Roebling",2
"15",7,"e",670,151,680,209,NA,1,1,2,1,8,"Roebling",3
"17",8,"b",680,151,690,209,NA,1,1,2,1,9,"Roebling",4
"19",9,"l",690,151,700,209,NA,1,1,2,1,10,"Roebling",5
"21",10,"i",700,151,710,209,NA,1,1,2,1,11,"Roebling",6
"23",11,"n",710,151,720,209,NA,1,1,2,1,12,"Roebling",7
"25",12,"g",720,151,730,209,NA,1,1,2,1,13,"Roebling",8
"27",13,"",730,151,740,209,1,1,1,3,2,14,"was",0
"29",14,"w",740,151,750,209,NA,1,1,3,2,15,"was",1
"31",15,"a",750,151,760,209,NA,1,1,3,2,16,"was",2
"33",16,"s",760,151,770,209,NA,1,1,3,2,17,"was",3
"35",17,"",770,151,780,209,1,1,1,4,3,18,"a",0
"37",18,"a",780,151,790,209,NA,1,1,4,3,19,"a",1
"39",19,"",790,151,800,209,1,1,1,5,4,20,"pioneer",0
"41",20,"p",800,151,810,209,NA,1,1,5,4,21,"pioneer",1
"43",21,"i",810,151,820,209,NA,1,1,5,4,22,"pioneer",2
"45",22,"o",820,151,830,209,NA,1,1,5,4,23,"pioneer",3
"47",23,"n",830,151,840,209,NA,1,1,5,4,24,"pioneer",4
"49",24,"e",840,151,850,209,NA,1,1,5,4,25,"pioneer",5
"51",25,"e",850,151,860,209,NA,1,1,5,4,26,"pioneer",6
"53",26,"r",860,151,870,209,NA,1,1,5,4,27,"pioneer",7
"55",27,"",870,151,880,209,1,1,1,6,5,28,"in",0
"57",28,"i",880,151,890,209,NA,1,1,6,5,29,"in",1
"59",29,"n",890,151,900,209,NA,1,1,6,5,30,"in",2
"61",30,"",900,151,910,209,1,1,1,7,6,31,"building",0
"63",31,"b",910,151,920,209,NA,1,1,7,6,32,"building",1
"65",32,"u",920,151,930,209,NA,1,1,7,6,33,"building",2
"67",33,"i",930,151,940,209,NA,1,1,7,6,34,"building",3
"69",34,"l",940,151,950,209,NA,1,1,7,6,35,"building",4
"71",35,"d",950,151,960,209,NA,1,1,7,6,36,"building",5
"73",36,"i",960,151,970,209,NA,1,1,7,6,37,"building",6
"75",37,"n",970,151,980,209,NA,1,1,7,6,38,"building",7
"77",38,"g",980,151,990,209,NA,1,1,7,6,39,"building",8
"79",39,"",990,151,1000,209,1,1,1,8,7,40,"suspension",0
"81",40,"s",1000,151,1010,209,NA,1,1,8,7,41,"suspension",1
"83",41,"u",1010,151,1020,209,NA,1,1,8,7,42,"suspension",2
"85",42,"s",1020,151,1030,209,NA,1,1,8,7,43,"suspension",3
"87",43,"p",1030,151,1040,209,NA,1,1,8,7,44,"suspension",4
"89",44,"e",1040,151,1050,209,NA,1,1,8,7,45,"suspension",5
"91",45,"n",1050,151,1060,209,NA,1,1,8,7,46,"suspension",6
"93",46,"s",1060,151,1070,209,NA,1,1,8,7,47,"suspension",7
"95",47,"i",1070,151,1080,209,NA,1,1,8,7,48,"suspension",8
"97",48,"o",1080,151,1090,209,NA,1,1,8,7,49,"suspension",9
"99",49,"n",1090,151,1100,209,NA,1,1,8,7,50,"suspension",10
"101",50,"",1100,151,1110,209,1,1,1,9,8,51,"bridges.",0
"103",51,"b",1110,151,1120,209,NA,1,1,9,8,52,"bridges.",1
"105",52,"r",1120,151,1130,209,NA,1,1,9,8,53,"bridges.",2
"107",53,"i",1130,151,1140,209,NA,1,1,9,8,54,"bridges.",3
"109",54,"d",1140,151,1150,209,NA,1,1,9,8,55,"bridges.",4
"111",55,"g",1150,151,1160,209,NA,1,1,9,8,56,"bridges.",5
"113",56,"e",1160,151,1170,209,NA,1,1,9,8,57,"bridges.",6
"115",57,"s",1170,151,1180,209,2,1,1,9,8,58,"bridges.",7
"117",58,".",1180,151,1190,209,NA,1,2,9,1,1,"bridges.",8
"119",60,"R",600,219,610,277,NA,2,2,1,1,2,"Roebling",1
"121",61,"o",610,219,620,277,NA,2,2,1,1,3,"Roebling",2
"123",62,"e",620,219,630,277,NA,2,2,1,1,4,"Roebling",3
"125",63,"b",630,219,640,277,NA,2,2,1,1,5,"Roebling",4
"127",64,"l",640,219,650,277,NA,2,2,1,1,6,"Roebling",5
"129",65,"i",650,219,660,277,NA,2,2,1,1,7,"Roebling",6
"131",66,"n",660,219,670,277,NA,2,2,1,1,8,"Roebling",7
"133",67,"g",670,219,680,277,NA,2,2,1,1,9,"Roebling",8
"135",68,"",680,219,690,277,1,2,2,2,2,10,"was",0
"137",69,"w",690,219,700,277,NA,2,2,2,2,11,"was",1
"139",70,"a",700,219,710,277,NA,2,2,2,2,12,"was",2
"141",71,"s",710,219,720,277,NA,2,2,2,2,13,"was",3
"143",72,"",720,219,730,277,1,2,2,3,3,14,"educated",0
"145",73,"e",730,219,740,277,NA,2,2,3,3,15,"educated",1
"147",74,"d",740,219,750,277,NA,2,2,3,3,16,"educated",2
"149",75,"u",750,219,760,277,NA,2,2,3,3,17,"educated",3
"151",76,"c",760,219,770,277,NA,2,2,3,3,18,"educated",4
"153",77,"a",770,219,780,277,NA,2,2,3,3,19,"educated",5
"155",78,"t",780,219,790,277,NA,2,2,3,3,20,"educated",6
"157",79,"e",790,219,800,277,NA,2,2,3,3,21,"educated",7
"159",80,"d",800,219,810,277,NA,2,2,3,3,22,"educated",8
"161",81,"",810,219,820,277,1,2,2,4,4,23,"as",0
"163",82,"a",820,219,830,277,NA,2,2,4,4,24,"as",1
"165",83,"s",830,219,840,277,NA,2,2,4,4,25,"as",2
"167",84,"",840,219,850,277,1,2,2,5,5,26,"a",0
"169",85,"a",850,219,860,277,NA,2,2,5,5,27,"a",1
"171",86,"",860,219,870,277,1,2,2,6,6,28,"civil",0
"173",87,"c",870,219,880,277,NA,2,2,6,6,29,"civil",1
"175",88,"i",880,219,890,277,NA,2,2,6,6,30,"civil",2
"177",89,"v",890,219,900,277,NA,2,2,6,6,31,"civil",3
"179",90,"i",900,219,910,277,NA,2,2,6,6,32,"civil",4
"181",91,"l",910,219,920,277,NA,2,2,6,6,33,"civil",5
"183",92,"",920,219,930,277,1,2,2,7,7,34,"engineer",0
"185",93,"e",930,219,940,277,NA,2,2,7,7,35,"engineer",1
"187",94,"n",940,219,950,277,NA,2,2,7,7,36,"engineer",2
"189",95,"g",950,219,960,277,NA,2,2,7,7,37,"engineer",3
"191",96,"i",960,219,970,277,NA,2,2,7,7,38,"engineer",4
"193",97,"n",970,219,980,277,NA,2,2,7,7,39,"engineer",5
"195",98,"e",980,219,990,277,NA,2,2,7,7,40,"engineer",6
"197",99,"e",990,219,1000,277,NA,2,2,7,7,41,"engineer",7
"199",100,"r",1000,219,1010,277,NA,2,2,7,7,42,"engineer",8
"201",101,"",1010,219,1020,277,1,2,2,8,8,43,"in",0
"203",102,"i",1020,219,1030,277,NA,2,2,8,8,44,"in",1
"205",103,"n",1030,219,1040,277,NA,2,2,8,8,45,"in",2
"207",104,"",1040,219,1050,277,1,2,2,9,9,46,"Germany,",0
"209",105,"G",1050,219,1060,277,NA,2,2,9,9,47,"Germany,",1
"211",106,"e",1060,219,1070,277,NA,2,2,9,9,48,"Germany,",2
"213",107,"r",1070,219,1080,277,NA,2,2,9,9,49,"Germany,",3
"215",108,"m",1080,219,1090,277,NA,2,2,9,9,50,"Germany,",4
"217",109,"a",1090,219,1100,277,NA,2,2,9,9,51,"Germany,",5
"219",110,"n",1100,219,1110,277,NA,2,2,9,9,52,"Germany,",6
"221",111,"y",1110,219,1120,277,NA,2,2,9,9,53,"Germany,",7
"223",112,",",1120,219,1130,277,NA,2,2,9,9,54,"Germany,",8
"225",113,"",1130,219,1140,277,1,2,2,10,10,55,"an",0
"227",114,"a",1140,219,1150,277,NA,2,2,10,10,56,"an",1
"229",115,"n",1150,219,1160,277,2,2,2,10,10,57,"an",2
"231",116,"d",1160,219,1170,277,NA,2,3,11,1,1,"demigrated",1
"233",118,"e",600,287,610,345,NA,2,3,11,1,2,"demigrated",2
"235",119,"m",610,287,620,345,NA,2,3,11,1,3,"demigrated",3
"237",120,"i",620,287,630,345,NA,2,3,11,1,4,"demigrated",4
"239",121,"g",630,287,640,345,NA,2,3,11,1,5,"demigrated",5
"241",122,"r",640,287,650,345,NA,2,3,11,1,6,"demigrated",6
"243",123,"a",650,287,660,345,NA,2,3,11,1,7,"demigrated",7
"245",124,"t",660,287,670,345,NA,2,3,11,1,8,"demigrated",8
"247",125,"e",670,287,680,345,NA,2,3,11,1,9,"demigrated",9
"249",126,"d",680,287,690,345,NA,2,3,11,1,10,"demigrated",10
"251",127,"",690,287,700,345,1,2,3,12,2,11,"to",0
"253",128,"t",700,287,710,345,NA,2,3,12,2,12,"to",1
"255",129,"o",710,287,720,345,NA,2,3,12,2,13,"to",2
"257",130,"",720,287,730,345,1,2,3,13,3,14,"the",0
"259",131,"t",730,287,740,345,NA,2,3,13,3,15,"the",1
"261",132,"h",740,287,750,345,NA,2,3,13,3,16,"the",2
"263",133,"e",750,287,760,345,NA,2,3,13,3,17,"the",3
"265",134,"",760,287,770,345,1,2,3,14,4,18,"United",0
"267",135,"U",770,287,780,345,NA,2,3,14,4,19,"United",1
"269",136,"n",780,287,790,345,NA,2,3,14,4,20,"United",2
"271",137,"i",790,287,800,345,NA,2,3,14,4,21,"United",3
"273",138,"t",800,287,810,345,NA,2,3,14,4,22,"United",4
"275",139,"e",810,287,820,345,NA,2,3,14,4,23,"United",5
"277",140,"d",820,287,830,345,NA,2,3,14,4,24,"United",6
"279",141,"",830,287,840,345,1,2,3,15,5,25,"States",0
"281",142,"S",840,287,850,345,NA,2,3,15,5,26,"States",1
"283",143,"t",850,287,860,345,NA,2,3,15,5,27,"States",2
"285",144,"a",860,287,870,345,NA,2,3,15,5,28,"States",3
"287",145,"t",870,287,880,345,NA,2,3,15,5,29,"States",4
"289",146,"e",880,287,890,345,NA,2,3,15,5,30,"States",5
"291",147,"s",890,287,900,345,NA,2,3,15,5,31,"States",6
"293",148,"",900,287,910,345,1,2,3,16,6,32,"as",0
"295",149,"a",910,287,920,345,NA,2,3,16,6,33,"as",1
"297",150,"s",920,287,930,345,NA,2,3,16,6,34,"as",2
"299",151,"",930,287,940,345,1,2,3,17,7,35,"a",0
"301",152,"a",940,287,950,345,NA,2,3,17,7,36,"a",1
"303",153,"",950,287,960,345,1,2,3,18,8,37,"young",0
"305",154,"y",960,287,970,345,NA,2,3,18,8,38,"young",1
"307",155,"o",970,287,980,345,NA,2,3,18,8,39,"young",2
"309",156,"u",980,287,990,345,NA,2,3,18,8,40,"young",3
"311",157,"n",990,287,1000,345,NA,2,3,18,8,41,"young",4
"313",158,"g",1000,287,1010,345,NA,2,3,18,8,42,"young",5
"315",159,"",1010,287,1020,345,1,2,3,19,9,43,"man.",0
"317",160,"m",1020,287,1030,345,NA,2,3,19,9,44,"man.",1
"319",161,"a",1030,287,1040,345,NA,2,3,19,9,45,"man.",2
"321",162,"n",1040,287,1050,345,NA,2,3,19,9,46,"man.",3
"323",163,".",1050,287,1060,345,NA,2,3,19,9,47,"man.",4
"325",164,"",1060,287,1070,345,1,3,3,1,10,48,"Believing",0
"327",165,"B",1070,287,1080,345,NA,3,3,1,10,49,"Believing",1
"329",166,"e",1080,287,1090,345,NA,3,3,1,10,50,"Believing",2
"331",167,"l",1090,287,1100,345,NA,3,3,1,10,51,"Believing",3
"333",168,"i",1100,287,1110,345,NA,3,3,1,10,52,"Believing",4
"335",169,"e",1110,287,1120,345,NA,3,3,1,10,53,"Believing",5
"337",170,"v",1120,287,1130,345,NA,3,3,1,10,54,"Believing",6
"339",171,"i",1130,287,1140,345,NA,3,3,1,10,55,"Believing",7
"341",172,"n",1140,287,1150,345,NA,3,3,1,10,56,"Believing",8
"343",173,"g",1150,287,1160,345,NA,3,3,1,10,57,"Believing",9
"345",174,"",1160,287,1170,345,1,3,3,2,11,58,"tha",0
"347",175,"t",1170,287,1180,345,NA,3,3,2,11,59,"tha",1
"349",176,"h",1180,287,1190,345,NA,3,3,2,11,60,"tha",2
"351",177,"a",1190,287,1200,345,2,3,3,2,11,61,"tha",3
"353",178,"t",1200,287,1210,345,NA,3,4,3,1,1,"tsteel",1
"355",180,"s",600,355,610,413,NA,3,4,3,1,2,"tsteel",2
"357",181,"t",610,355,620,413,NA,3,4,3,1,3,"tsteel",3
"359",182,"e",620,355,630,413,NA,3,4,3,1,4,"tsteel",4
"361",183,"e",630,355,640,413,NA,3,4,3,1,5,"tsteel",5
"363",184,"l",640,355,650,413,NA,3,4,3,1,6,"tsteel",6
"365",185,"",650,355,660,413,1,3,4,4,2,7,"cable",0
"367",186,"c",660,355,670,413,NA,3,4,4,2,8,"cable",1
"369",187,"a",670,355,680,413,NA,3,4,4,2,9,"cable",2
"371",188,"b",680,355,690,413,NA,3,4,4,2,10,"cable",3
"373",189,"l",690,355,700,413,NA,3,4,4,2,11,"cable",4
"375",190,"e",700,355,710,413,NA,3,4,4,2,12,"cable",5
"377",191,"",710,355,720,413,1,3,4,5,3,13,"would",0
"379",192,"w",720,355,730,413,NA,3,4,5,3,14,"would",1
"381",193,"o",730,355,740,413,NA,3,4,5,3,15,"would",2
"383",194,"u",740,355,750,413,NA,3,4,5,3,16,"would",3
"385",195,"l",750,355,760,413,NA,3,4,5,3,17,"would",4
"387",196,"d",760,355,770,413,NA,3,4,5,3,18,"would",5
"389",197,"",770,355,780,413,1,3,4,6,4,19,"make",0
"391",198,"m",780,355,790,413,NA,3,4,6,4,20,"make",1
"393",199,"a",790,355,800,413,NA,3,4,6,4,21,"make",2
"395",200,"k",800,355,810,413,NA,3,4,6,4,22,"make",3
"397",201,"e",810,355,820,413,NA,3,4,6,4,23,"make",4
"399",202,"",820,355,830,413,1,3,4,7,5,24,"possible",0
"401",203,"p",830,355,840,413,NA,3,4,7,5,25,"possible",1
"403",204,"o",840,355,850,413,NA,3,4,7,5,26,"possible",2
"405",205,"s",850,355,860,413,NA,3,4,7,5,27,"possible",3
"407",206,"s",860,355,870,413,NA,3,4,7,5,28,"possible",4
"409",207,"i",870,355,880,413,NA,3,4,7,5,29,"possible",5
"411",208,"b",880,355,890,413,NA,3,4,7,5,30,"possible",6
"413",209,"l",890,355,900,413,NA,3,4,7,5,31,"possible",7
"415",210,"e",900,355,910,413,NA,3,4,7,5,32,"possible",8
"417",211,"",910,355,920,413,1,3,4,8,6,33,"the",0
"419",212,"t",920,355,930,413,NA,3,4,8,6,34,"the",1
"421",213,"h",930,355,940,413,NA,3,4,8,6,35,"the",2
"423",214,"e",940,355,950,413,NA,3,4,8,6,36,"the",3
"425",215,"",950,355,960,413,1,3,4,9,7,37,"construction",0
"427",216,"c",960,355,970,413,NA,3,4,9,7,38,"construction",1
"429",217,"o",970,355,980,413,NA,3,4,9,7,39,"construction",2
"431",218,"n",980,355,990,413,NA,3,4,9,7,40,"construction",3
"433",219,"s",990,355,1000,413,NA,3,4,9,7,41,"construction",4
"435",220,"t",1000,355,1010,413,NA,3,4,9,7,42,"construction",5
"437",221,"r",1010,355,1020,413,NA,3,4,9,7,43,"construction",6
"439",222,"u",1020,355,1030,413,NA,3,4,9,7,44,"construction",7
"441",223,"c",1030,355,1040,413,NA,3,4,9,7,45,"construction",8
"443",224,"t",1040,355,1050,413,NA,3,4,9,7,46,"construction",9
"445",225,"i",1050,355,1060,413,NA,3,4,9,7,47,"construction",10
"447",226,"o",1060,355,1070,413,NA,3,4,9,7,48,"construction",11
"449",227,"n",1070,355,1080,413,NA,3,4,9,7,49,"construction",12
"451",228,"",1080,355,1090,413,1,3,4,10,8,50,"of",0
"453",229,"o",1090,355,1100,413,NA,3,4,10,8,51,"of",1
"455",230,"f",1100,355,1110,413,NA,3,4,10,8,52,"of",2
"457",231,"",1110,355,1120,413,1,3,4,11,9,53,"long-spa",0
"459",232,"l",1120,355,1130,413,NA,3,4,11,9,54,"long-spa",1
"461",233,"o",1130,355,1140,413,NA,3,4,11,9,55,"long-spa",2
"463",234,"n",1140,355,1150,413,NA,3,4,11,9,56,"long-spa",3
"465",235,"g",1150,355,1160,413,NA,3,4,11,9,57,"long-spa",4
"467",236,"-",1160,355,1170,413,NA,3,4,11,9,58,"long-spa",5
"469",237,"s",1170,355,1180,413,NA,3,4,11,9,59,"long-spa",6
"471",238,"p",1180,355,1190,413,NA,3,4,11,9,60,"long-spa",7
"473",239,"a",1190,355,1200,413,2,3,4,11,9,61,"long-spa",8
"475",240,"n",1200,355,1210,413,NA,3,5,12,1,1,"nsuspension",1
"477",242,"s",600,423,610,481,NA,3,5,12,1,2,"nsuspension",2
"479",243,"u",610,423,620,481,NA,3,5,12,1,3,"nsuspension",3
"481",244,"s",620,423,630,481,NA,3,5,12,1,4,"nsuspension",4
"483",245,"p",630,423,640,481,NA,3,5,12,1,5,"nsuspension",5
"485",246,"e",640,423,650,481,NA,3,5,12,1,6,"nsuspension",6
"487",247,"n",650,423,660,481,NA,3,5,12,1,7,"nsuspension",7
"489",248,"s",660,423,670,481,NA,3,5,12,1,8,"nsuspension",8
"491",249,"i",670,423,680,481,NA,3,5,12,1,9,"nsuspension",9
"493",250,"o",680,423,690,481,NA,3,5,12,1,10,"nsuspension",10
"495",251,"n",690,423,700,481,NA,3,5,12,1,11,"nsuspension",11
"497",252,"",700,423,710,481,1,3,5,13,2,12,"bridges,",0
"499",253,"b",710,423,720,481,NA,3,5,13,2,13,"bridges,",1
"501",254,"r",720,423,730,481,NA,3,5,13,2,14,"bridges,",2
"503",255,"i",730,423,740,481,NA,3,5,13,2,15,"bridges,",3
"505",256,"d",740,423,750,481,NA,3,5,13,2,16,"bridges,",4
"507",257,"g",750,423,760,481,NA,3,5,13,2,17,"bridges,",5
"509",258,"e",760,423,770,481,NA,3,5,13,2,18,"bridges,",6
"511",259,"s",770,423,780,481,NA,3,5,13,2,19,"bridges,",7
"513",260,",",780,423,790,481,NA,3,5,13,2,20,"bridges,",8
"515",261,"",790,423,800,481,1,3,5,14,3,21,"he",0
"517",262,"h",800,423,810,481,NA,3,5,14,3,22,"he",1
"519",263,"e",810,423,820,481,NA,3,5,14,3,23,"he",2
"521",264,"",820,423,830,481,1,3,5,15,4,24,"established",0
"523",265,"e",830,423,840,481,NA,3,5,15,4,25,"established",1
"525",266,"s",840,423,850,481,NA,3,5,15,4,26,"established",2
"527",267,"t",850,423,860,481,NA,3,5,15,4,27,"established",3
"529",268,"a",860,423,870,481,NA,3,5,15,4,28,"established",4
"531",269,"b",870,423,880,481,NA,3,5,15,4,29,"established",5
"533",270,"l",880,423,890,481,NA,3,5,15,4,30,"established",6
"535",271,"i",890,423,900,481,NA,3,5,15,4,31,"established",7
"537",272,"s",900,423,910,481,NA,3,5,15,4,32,"established",8
"539",273,"h",910,423,920,481,NA,3,5,15,4,33,"established",9
"541",274,"e",920,423,930,481,NA,3,5,15,4,34,"established",10
"543",275,"d",930,423,940,481,NA,3,5,15,4,35,"established",11
"545",276,"",940,423,950,481,1,3,5,16,5,36,"a",0
"547",277,"a",950,423,960,481,NA,3,5,16,5,37,"a",1
"549",278,"",960,423,970,481,1,3,5,17,6,38,"factory",0
"551",279,"f",970,423,980,481,NA,3,5,17,6,39,"factory",1
"553",280,"a",980,423,990,481,NA,3,5,17,6,40,"factory",2
"555",281,"c",990,423,1000,481,NA,3,5,17,6,41,"factory",3
"557",282,"t",1000,423,1010,481,NA,3,5,17,6,42,"factory",4
"559",283,"o",1010,423,1020,481,NA,3,5,17,6,43,"factory",5
"561",284,"r",1020,423,1030,481,NA,3,5,17,6,44,"factory",6
"563",285,"y",1030,423,1040,481,NA,3,5,17,6,45,"factory",7
"565",286,"",1040,423,1050,481,1,3,5,18,7,46,"to",0
"567",287,"t",1050,423,1060,481,NA,3,5,18,7,47,"to",1
"569",288,"o",1060,423,1070,481,NA,3,5,18,7,48,"to",2
"571",289,"",1070,423,1080,481,1,3,5,19,8,49,"produce",0
"573",290,"p",1080,423,1090,481,NA,3,5,19,8,50,"produce",1
"575",291,"r",1090,423,1100,481,NA,3,5,19,8,51,"produce",2
"577",292,"o",1100,423,1110,481,NA,3,5,19,8,52,"produce",3
"579",293,"d",1110,423,1120,481,NA,3,5,19,8,53,"produce",4
"581",294,"u",1120,423,1130,481,NA,3,5,19,8,54,"produce",5
"583",295,"c",1130,423,1140,481,NA,3,5,19,8,55,"produce",6
"585",296,"e",1140,423,1150,481,NA,3,5,19,8,56,"produce",7
"587",297,"",1150,423,1160,481,1,3,5,20,9,57,"it.",0
"589",298,"i",1160,423,1170,481,NA,3,5,20,9,58,"it.",1
"591",299,"t",1170,423,1180,481,2,3,5,20,9,59,"it.",2
"593",300,".",1180,423,1190,481,NA,3,6,20,1,1,"it.",3
"595",302,"H",600,491,610,549,NA,4,6,1,1,2,"His",1
"597",303,"i",610,491,620,549,NA,4,6,1,1,3,"His",2
"599",304,"s",620,491,630,549,NA,4,6,1,1,4,"His",3
"601",305,"",630,491,640,549,1,4,6,2,2,5,"fellow",0
"603",306,"f",640,491,650,549,NA,4,6,2,2,6,"fellow",1
"605",307,"e",650,491,660,549,NA,4,6,2,2,7,"fellow",2
"607",308,"l",660,491,670,549,NA,4,6,2,2,8,"fellow",3
"609",309,"l",670,491,680,549,NA,4,6,2,2,9,"fellow",4
"611",310,"o",680,491,690,549,NA,4,6,2,2,10,"fellow",5
"613",311,"w",690,491,700,549,NA,4,6,2,2,11,"fellow",6
"615",312,"",700,491,710,549,1,4,6,3,3,12,"engineers",0
"617",313,"e",710,491,720,549,NA,4,6,3,3,13,"engineers",1
"619",314,"n",720,491,730,549,NA,4,6,3,3,14,"engineers",2
"621",315,"g",730,491,740,549,NA,4,6,3,3,15,"engineers",3
"623",316,"i",740,491,750,549,NA,4,6,3,3,16,"engineers",4
"625",317,"n",750,491,760,549,NA,4,6,3,3,17,"engineers",5
"627",318,"e",760,491,770,549,NA,4,6,3,3,18,"engineers",6
"629",319,"e",770,491,780,549,NA,4,6,3,3,19,"engineers",7
"631",320,"r",780,491,790,549,NA,4,6,3,3,20,"engineers",8
"633",321,"s",790,491,800,549,NA,4,6,3,3,21,"engineers",9
"635",322,"",800,491,810,549,1,4,6,4,4,22,"predicted",0
"637",323,"p",810,491,820,549,NA,4,6,4,4,23,"predicted",1
"639",324,"r",820,491,830,549,NA,4,6,4,4,24,"predicted",2
"641",325,"e",830,491,840,549,NA,4,6,4,4,25,"predicted",3
"643",326,"d",840,491,850,549,NA,4,6,4,4,26,"predicted",4
"645",327,"i",850,491,860,549,NA,4,6,4,4,27,"predicted",5
"647",328,"c",860,491,870,549,NA,4,6,4,4,28,"predicted",6
"649",329,"t",870,491,880,549,NA,4,6,4,4,29,"predicted",7
"651",330,"e",880,491,890,549,NA,4,6,4,4,30,"predicted",8
"653",331,"d",890,491,900,549,NA,4,6,4,4,31,"predicted",9
"655",332,"",900,491,910,549,1,4,6,5,5,32,"failure",0
"657",333,"f",910,491,920,549,NA,4,6,5,5,33,"failure",1
"659",334,"a",920,491,930,549,NA,4,6,5,5,34,"failure",2
"661",335,"i",930,491,940,549,NA,4,6,5,5,35,"failure",3
"663",336,"l",940,491,950,549,NA,4,6,5,5,36,"failure",4
"665",337,"u",950,491,960,549,NA,4,6,5,5,37,"failure",5
"667",338,"r",960,491,970,549,NA,4,6,5,5,38,"failure",6
"669",339,"e",970,491,980,549,NA,4,6,5,5,39,"failure",7
"671",340,"",980,491,990,549,1,4,6,6,6,40,"for",0
"673",341,"f",990,491,1000,549,NA,4,6,6,6,41,"for",1
"675",342,"o",1000,491,1010,549,NA,4,6,6,6,42,"for",2
"677",343,"r",1010,491,1020,549,NA,4,6,6,6,43,"for",3
"679",344,"",1020,491,1030,549,1,4,6,7,7,44,"his",0
"681",345,"h",1030,491,1040,549,NA,4,6,7,7,45,"his",1
"683",346,"i",1040,491,1050,549,NA,4,6,7,7,46,"his",2
"685",347,"s",1050,491,1060,549,NA,4,6,7,7,47,"his",3
"687",348,"",1060,491,1070,549,1,4,6,8,8,48,"first",0
"689",349,"f",1070,491,1080,549,NA,4,6,8,8,49,"first",1
"691",350,"i",1080,491,1090,549,NA,4,6,8,8,50,"first",2
"693",351,"r",1090,491,1100,549,NA,4,6,8,8,51,"first",3
"695",352,"s",1100,491,1110,549,NA,4,6,8,8,52,"first",4
"697",353,"t",1110,491,1120,549,NA,4,6,8,8,53,"first",5
"699",354,"",1120,491,1130,549,1,4,6,9,9,54,"long-spa",0
"701",355,"l",1130,491,1140,549,NA,4,6,9,9,55,"long-spa",1
"703",356,"o",1140,491,1150,549,NA,4,6,9,9,56,"long-spa",2
"705",357,"n",1150,491,1160,549,NA,4,6,9,9,57,"long-spa",3
"707",358,"g",1160,491,1170,549,NA,4,6,9,9,58,"long-spa",4
"709",359,"-",1170,491,1180,549,NA,4,6,9,9,59,"long-spa",5
"711",360,"s",1180,491,1190,549,NA,4,6,9,9,60,"long-spa",6
"713",361,"p",1190,491,1200,549,NA,4,6,9,9,61,"long-spa",7
"715",362,"a",1200,491,1210,549,2,4,6,9,9,62,"long-spa",8
"717",363,"n",1210,491,1220,549,NA,4,7,10,1,1,"nsuspension",1
"719",365,"s",600,559,610,617,NA,4,7,10,1,2,"nsuspension",2
"721",366,"u",610,559,620,617,NA,4,7,10,1,3,"nsuspension",3
"723",367,"s",620,559,630,617,NA,4,7,10,1,4,"nsuspension",4
"725",368,"p",630,559,640,617,NA,4,7,10,1,5,"nsuspension",5
"727",369,"e",640,559,650,617,NA,4,7,10,1,6,"nsuspension",6
"729",370,"n",650,559,660,617,NA,4,7,10,1,7,"nsuspension",7
"731",371,"s",660,559,670,617,NA,4,7,10,1,8,"nsuspension",8
"733",372,"i",670,559,680,617,NA,4,7,10,1,9,"nsuspension",9
"735",373,"o",680,559,690,617,NA,4,7,10,1,10,"nsuspension",10
"737",374,"n",690,559,700,617,NA,4,7,10,1,11,"nsuspension",11
"739",375,"",700,559,710,617,1,4,7,11,2,12,"bridge",0
"741",376,"b",710,559,720,617,NA,4,7,11,2,13,"bridge",1
"743",377,"r",720,559,730,617,NA,4,7,11,2,14,"bridge",2
"745",378,"i",730,559,740,617,NA,4,7,11,2,15,"bridge",3
"747",379,"d",740,559,750,617,NA,4,7,11,2,16,"bridge",4
"749",380,"g",750,559,760,617,NA,4,7,11,2,17,"bridge",5
"751",381,"e",760,559,770,617,NA,4,7,11,2,18,"bridge",6
"753",382,"",770,559,780,617,1,4,7,12,3,19,"at",0
"755",383,"a",780,559,790,617,NA,4,7,12,3,20,"at",1
"757",384,"t",790,559,800,617,NA,4,7,12,3,21,"at",2
"759",385,"",800,559,810,617,1,4,7,13,4,22,"Niagara",0
"761",386,"N",810,559,820,617,NA,4,7,13,4,23,"Niagara",1
"763",387,"i",820,559,830,617,NA,4,7,13,4,24,"Niagara",2
"765",388,"a",830,559,840,617,NA,4,7,13,4,25,"Niagara",3
"767",389,"g",840,559,850,617,NA,4,7,13,4,26,"Niagara",4
"769",390,"a",850,559,860,617,NA,4,7,13,4,27,"Niagara",5
"771",391,"r",860,559,870,617,NA,4,7,13,4,28,"Niagara",6
"773",392,"a",870,559,880,617,NA,4,7,13,4,29,"Niagara",7
"775",393,"",880,559,890,617,1,4,7,14,5,30,"Falls,",0
"777",394,"F",890,559,900,617,NA,4,7,14,5,31,"Falls,",1
"779",395,"a",900,559,910,617,NA,4,7,14,5,32,"Falls,",2
"781",396,"l",910,559,920,617,NA,4,7,14,5,33,"Falls,",3
"783",397,"l",920,559,930,617,NA,4,7,14,5,34,"Falls,",4
"785",398,"s",930,559,940,617,NA,4,7,14,5,35,"Falls,",5
"787",399,",",940,559,950,617,NA,4,7,14,5,36,"Falls,",6
"789",400,"",950,559,960,617,1,4,7,15,6,37,"but",0
"791",401,"b",960,559,970,617,NA,4,7,15,6,38,"but",1
"793",402,"u",970,559,980,617,NA,4,7,15,6,39,"but",2
"795",403,"t",980,559,990,617,NA,4,7,15,6,40,"but",3
"797",404,"",990,559,1000,617,1,4,7,16,7,41,"it",0
"799",405,"i",1000,559,1010,617,NA,4,7,16,7,42,"it",1
"801",406,"t",1010,559,1020,617,NA,4,7,16,7,43,"it",2
"803",407,"",1020,559,1030,617,1,4,7,17,8,44,"proved",0
"805",408,"p",1030,559,1040,617,NA,4,7,17,8,45,"proved",1
"807",409,"r",1040,559,1050,617,NA,4,7,17,8,46,"proved",2
"809",410,"o",1050,559,1060,617,NA,4,7,17,8,47,"proved",3
"811",411,"v",1060,559,1070,617,NA,4,7,17,8,48,"proved",4
"813",412,"e",1070,559,1080,617,NA,4,7,17,8,49,"proved",5
"815",413,"d",1080,559,1090,617,NA,4,7,17,8,50,"proved",6
"817",414,"",1090,559,1100,617,1,4,7,18,9,51,"to",0
"819",415,"t",1100,559,1110,617,NA,4,7,18,9,52,"to",1
"821",416,"o",1110,559,1120,617,NA,4,7,18,9,53,"to",2
"823",417,"",1120,559,1130,617,1,4,7,19,10,54,"b",0
"825",418,"b",1130,559,1140,617,2,4,7,19,10,55,"b",1
"827",419,"e",1140,559,1150,617,NA,4,8,20,1,1,"ea",1
"829",421,"a",600,627,610,685,NA,4,8,20,1,2,"ea",2
"831",422,"",610,627,620,685,1,4,8,21,2,3,"success.",0
"833",423,"s",620,627,630,685,NA,4,8,21,2,4,"success.",1
"835",424,"u",630,627,640,685,NA,4,8,21,2,5,"success.",2
"837",425,"c",640,627,650,685,NA,4,8,21,2,6,"success.",3
"839",426,"c",650,627,660,685,NA,4,8,21,2,7,"success.",4
"841",427,"e",660,627,670,685,NA,4,8,21,2,8,"success.",5
"843",428,"s",670,627,680,685,NA,4,8,21,2,9,"success.",6
"845",429,"s",680,627,690,685,NA,4,8,21,2,10,"success.",7
"847",430,".",690,627,700,685,NA,4,8,21,2,11,"success.",8
"849",431,"",700,627,710,685,1,5,8,1,3,12,"His",0
"851",432,"H",710,627,720,685,NA,5,8,1,3,13,"His",1
"853",433,"i",720,627,730,685,NA,5,8,1,3,14,"His",2
"855",434,"s",730,627,740,685,NA,5,8,1,3,15,"His",3
"857",435,"",740,627,750,685,1,5,8,2,4,16,"most",0
"859",436,"m",750,627,760,685,NA,5,8,2,4,17,"most",1
"861",437,"o",760,627,770,685,NA,5,8,2,4,18,"most",2
"863",438,"s",770,627,780,685,NA,5,8,2,4,19,"most",3
"865",439,"t",780,627,790,685,NA,5,8,2,4,20,"most",4
"867",440,"",790,627,800,685,1,5,8,3,5,21,"ambitious",0
"869",441,"a",800,627,810,685,NA,5,8,3,5,22,"ambitious",1
"871",442,"m",810,627,820,685,NA,5,8,3,5,23,"ambitious",2
"873",443,"b",820,627,830,685,NA,5,8,3,5,24,"ambitious",3
"875",444,"i",830,627,840,685,NA,5,8,3,5,25,"ambitious",4
"877",445,"t",840,627,850,685,NA,5,8,3,5,26,"ambitious",5
"879",446,"i",850,627,860,685,NA,5,8,3,5,27,"ambitious",6
"881",447,"o",860,627,870,685,NA,5,8,3,5,28,"ambitious",7
"883",448,"u",870,627,880,685,NA,5,8,3,5,29,"ambitious",8
"885",449,"s",880,627,890,685,NA,5,8,3,5,30,"ambitious",9
"887",450,"",890,627,900,685,1,5,8,4,6,31,"task",0
"889",451,"t",900,627,910,685,NA,5,8,4,6,32,"task",1
"891",452,"a",910,627,920,685,NA,5,8,4,6,33,"task",2
"893",453,"s",920,627,930,685,NA,5,8,4,6,34,"task",3
"895",454,"k",930,627,940,685,NA,5,8,4,6,35,"task",4
"897",455,"",940,627,950,685,1,5,8,5,7,36,"was",0
"899",456,"w",950,627,960,685,NA,5,8,5,7,37,"was",1
"901",457,"a",960,627,970,685,NA,5,8,5,7,38,"was",2
"903",458,"s",970,627,980,685,NA,5,8,5,7,39,"was",3
"905",459,"",980,627,990,685,1,5,8,6,8,40,"the",0
"907",460,"t",990,627,1000,685,NA,5,8,6,8,41,"the",1
"909",461,"h",1000,627,1010,685,NA,5,8,6,8,42,"the",2
"911",462,"e",1010,627,1020,685,NA,5,8,6,8,43,"the",3
"913",463,"",1020,627,1030,685,1,5,8,7,9,44,"Brooklyn",0
"915",464,"B",1030,627,1040,685,NA,5,8,7,9,45,"Brooklyn",1
"917",465,"r",1040,627,1050,685,NA,5,8,7,9,46,"Brooklyn",2
"919",466,"o",1050,627,1060,685,NA,5,8,7,9,47,"Brooklyn",3
"921",467,"o",1060,627,1070,685,NA,5,8,7,9,48,"Brooklyn",4
"923",468,"k",1070,627,1080,685,NA,5,8,7,9,49,"Brooklyn",5
"925",469,"l",1080,627,1090,685,NA,5,8,7,9,50,"Brooklyn",6
"927",470,"y",1090,627,1100,685,NA,5,8,7,9,51,"Brooklyn",7
"929",471,"n",1100,627,1110,685,NA,5,8,7,9,52,"Brooklyn",8
"931",472,"",1110,627,1120,685,1,5,8,8,10,53,"Bridge",0
"933",473,"B",1120,627,1130,685,NA,5,8,8,10,54,"Bridge",1
"935",474,"r",1130,627,1140,685,NA,5,8,8,10,55,"Bridge",2
"937",475,"i",1140,627,1150,685,NA,5,8,8,10,56,"Bridge",3
"939",476,"d",1150,627,1160,685,NA,5,8,8,10,57,"Bridge",4
"941",477,"g",1160,627,1170,685,NA,5,8,8,10,58,"Bridge",5
"943",478,"e",1170,627,1180,685,2,5,8,8,10,59,"Bridge",6
"945",479,",",1180,627,1190,685,2,5,9,9,1,1,",",1
"947",481,"o",600,695,610,753,NA,5,10,10,1,1,"over",1
"949",482,"v",610,695,620,753,NA,5,10,10,1,2,"over",2
"951",483,"e",620,695,630,753,NA,5,10,10,1,3,"over",3
"953",484,"r",630,695,640,753,NA,5,10,10,1,4,"over",4
"955",485,"",640,695,650,753,1,5,10,11,2,5,"fifteen",0
"957",486,"f",650,695,660,753,NA,5,10,11,2,6,"fifteen",1
"959",487,"i",660,695,670,753,NA,5,10,11,2,7,"fifteen",2
"961",488,"f",670,695,680,753,NA,5,10,11,2,8,"fifteen",3
"963",489,"t",680,695,690,753,NA,5,10,11,2,9,"fifteen",4
"965",490,"e",690,695,700,753,NA,5,10,11,2,10,"fifteen",5
"967",491,"e",700,695,710,753,NA,5,10,11,2,11,"fifteen",6
"969",492,"n",710,695,720,753,NA,5,10,11,2,12,"fifteen",7
"971",493,"",720,695,730,753,1,5,10,12,3,13,"hundred",0
"973",494,"h",730,695,740,753,NA,5,10,12,3,14,"hundred",1
"975",495,"u",740,695,750,753,NA,5,10,12,3,15,"hundred",2
"977",496,"n",750,695,760,753,NA,5,10,12,3,16,"hundred",3
"979",497,"d",760,695,770,753,NA,5,10,12,3,17,"hundred",4
"981",498,"r",770,695,780,753,NA,5,10,12,3,18,"hundred",5
"983",499,"e",780,695,790,753,NA,5,10,12,3,19,"hundred",6
"985",500,"d",790,695,800,753,NA,5,10,12,3,20,"hundred",7
"987",501,"",800,695,810,753,1,5,10,13,4,21,"feet",0
"989",502,"f",810,695,820,753,NA,5,10,13,4,22,"feet",1
"991",503,"e",820,695,830,753,NA,5,10,13,4,23,"feet",2
"993",504,"e",830,695,840,753,NA,5,10,13,4,24,"feet",3
"995",505,"t",840,695,850,753,NA,5,10,13,4,25,"feet",4
"997",506,"",850,695,860,753,1,5,10,14,5,26,"in",0
"999",507,"i",860,695,870,753,NA,5,10,14,5,27,"in",1
"1001",508,"n",870,695,880,753,NA,5,10,14,5,28,"in",2
"1003",509,"",880,695,890,753,1,5,10,15,6,29,"length.",0
"1005",510,"l",890,695,900,753,NA,5,10,15,6,30,"length.",1
"1007",511,"e",900,695,910,753,NA,5,10,15,6,31,"length.",2
"1009",512,"n",910,695,920,753,NA,5,10,15,6,32,"length.",3
"1011",513,"g",920,695,930,753,NA,5,10,15,6,33,"length.",4
"1013",514,"t",930,695,940,753,NA,5,10,15,6,34,"length.",5
"1015",515,"h",940,695,950,753,NA,5,10,15,6,35,"length.",6
"1017",516,".",950,695,960,753,NA,5,10,15,6,36,"length.",7
"1019",517,"",960,695,970,753,1,6,10,1,7,37,"In",0
"1021",518,"I",970,695,980,753,NA,6,10,1,7,38,"In",1
"1023",519,"n",980,695,990,753,NA,6,10,1,7,39,"In",2
"1025",520,"",990,695,1000,753,1,6,10,2,8,40,"supervising",0
"1027",521,"s",1000,695,1010,753,NA,6,10,2,8,41,"supervising",1
"1029",522,"u",1010,695,1020,753,NA,6,10,2,8,42,"supervising",2
"1031",523,"p",1020,695,1030,753,NA,6,10,2,8,43,"supervising",3
"1033",524,"e",1030,695,1040,753,NA,6,10,2,8,44,"supervising",4
"1035",525,"r",1040,695,1050,753,NA,6,10,2,8,45,"supervising",5
"1037",526,"v",1050,695,1060,753,NA,6,10,2,8,46,"supervising",6
"1039",527,"i",1060,695,1070,753,NA,6,10,2,8,47,"supervising",7
"1041",528,"s",1070,695,1080,753,NA,6,10,2,8,48,"supervising",8
"1043",529,"i",1080,695,1090,753,NA,6,10,2,8,49,"supervising",9
"1045",530,"n",1090,695,1100,753,NA,6,10,2,8,50,"supervising",10
"1047",531,"g",1100,695,1110,753,NA,6,10,2,8,51,"supervising",11
"1049",532,"",1110,695,1120,753,1,6,10,3,9,52,"this",0
"1051",533,"t",1120,695,1130,753,NA,6,10,3,9,53,"this",1
"1053",534,"h",1130,695,1140,753,NA,6,10,3,9,54,"this",2
"1055",535,"i",1140,695,1150,753,NA,6,10,3,9,55,"this",3
"1057",536,"s",1150,695,1160,753,NA,6,10,3,9,56,"this",4
"1059",537,"",1160,695,1170,753,1,6,10,4,10,57,"project,",0
"1061",538,"p",1170,695,1180,753,NA,6,10,4,10,58,"project,",1
"1063",539,"r",1180,695,1190,753,NA,6,10,4,10,59,"project,",2
"1065",540,"o",1190,695,1200,753,NA,6,10,4,10,60,"project,",3
"1067",541,"j",1200,695,1210,753,NA,6,10,4,10,61,"project,",4
"1069",542,"e",1210,695,1220,753,NA,6,10,4,10,62,"project,",5
"1071",543,"c",1220,695,1230,753,NA,6,10,4,10,63,"project,",6
"1073",544,"t",1230,695,1240,753,NA,6,10,4,10,64,"project,",7
"1075",545,",",1240,695,1250,753,2,6,10,4,10,65,"project,",8
"1077",547,"J",600,763,610,821,NA,6,11,5,1,1,"John",1
"1079",548,"o",610,763,620,821,NA,6,11,5,1,2,"John",2
"1081",549,"h",620,763,630,821,NA,6,11,5,1,3,"John",3
"1083",550,"n",630,763,640,821,NA,6,11,5,1,4,"John",4
"1085",551,"",640,763,650,821,1,6,11,6,2,5,"Roebling",0
"1087",552,"R",650,763,660,821,NA,6,11,6,2,6,"Roebling",1
"1089",553,"o",660,763,670,821,NA,6,11,6,2,7,"Roebling",2
"1091",554,"e",670,763,680,821,NA,6,11,6,2,8,"Roebling",3
"1093",555,"b",680,763,690,821,NA,6,11,6,2,9,"Roebling",4
"1095",556,"l",690,763,700,821,NA,6,11,6,2,10,"Roebling",5
"1097",557,"i",700,763,710,821,NA,6,11,6,2,11,"Roebling",6
"1099",558,"n",710,763,720,821,NA,6,11,6,2,12,"Roebling",7
"1101",559,"g",720,763,730,821,NA,6,11,6,2,13,"Roebling",8
"1103",560,"",730,763,740,821,1,6,11,7,3,14,"received",0
"1105",561,"r",740,763,750,821,NA,6,11,7,3,15,"received",1
"1107",562,"e",750,763,760,821,NA,6,11,7,3,16,"received",2
"1109",563,"c",760,763,770,821,NA,6,11,7,3,17,"received",3
"1111",564,"e",770,763,780,821,NA,6,11,7,3,18,"received",4
"1113",565,"i",780,763,790,821,NA,6,11,7,3,19,"received",5
"1115",566,"v",790,763,800,821,NA,6,11,7,3,20,"received",6
"1117",567,"e",800,763,810,821,NA,6,11,7,3,21,"received",7
"1119",568,"d",810,763,820,821,NA,6,11,7,3,22,"received",8
"1121",569,"",820,763,830,821,1,6,11,8,4,23,"a",0
"1123",570,"a",830,763,840,821,NA,6,11,8,4,24,"a",1
"1125",571,"",840,763,850,821,1,6,11,9,5,25,"fatal",0
"1127",572,"f",850,763,860,821,NA,6,11,9,5,26,"fatal",1
"1129",573,"a",860,763,870,821,NA,6,11,9,5,27,"fatal",2
"1131",574,"t",870,763,880,821,NA,6,11,9,5,28,"fatal",3
"1133",575,"a",880,763,890,821,NA,6,11,9,5,29,"fatal",4
"1135",576,"l",890,763,900,821,NA,6,11,9,5,30,"fatal",5
"1137",577,"",900,763,910,821,1,6,11,10,6,31,"injury.",0
"1139",578,"i",910,763,920,821,NA,6,11,10,6,32,"injury.",1
"1141",579,"n",920,763,930,821,NA,6,11,10,6,33,"injury.",2
"1143",580,"j",930,763,940,821,NA,6,11,10,6,34,"injury.",3
"1145",581,"u",940,763,950,821,NA,6,11,10,6,35,"injury.",4
"1147",582,"r",950,763,960,821,NA,6,11,10,6,36,"injury.",5
"1149",583,"y",960,763,970,821,NA,6,11,10,6,37,"injury.",6
"1151",584,".",970,763,980,821,NA,6,11,10,6,38,"injury.",7
"1153",585,"",980,763,990,821,1,7,11,1,7,39,"The",0
"1155",586,"T",990,763,1000,821,NA,7,11,1,7,40,"The",1
"1157",587,"h",1000,763,1010,821,NA,7,11,1,7,41,"The",2
"1159",588,"e",1010,763,1020,821,NA,7,11,1,7,42,"The",3
"1161",589,"",1020,763,1030,821,1,7,11,2,8,43,"Brooklyn",0
"1163",590,"B",1030,763,1040,821,NA,7,11,2,8,44,"Brooklyn",1
"1165",591,"r",1040,763,1050,821,NA,7,11,2,8,45,"Brooklyn",2
"1167",592,"o",1050,763,1060,821,NA,7,11,2,8,46,"Brooklyn",3
"1169",593,"o",1060,763,1070,821,NA,7,11,2,8,47,"Brooklyn",4
"1171",594,"k",1070,763,1080,821,NA,7,11,2,8,48,"Brooklyn",5
"1173",595,"l",1080,763,1090,821,NA,7,11,2,8,49,"Brooklyn",6
"1175",596,"y",1090,763,1100,821,NA,7,11,2,8,50,"Brooklyn",7
"1177",597,"n",1100,763,1110,821,NA,7,11,2,8,51,"Brooklyn",8
"1179",598,"",1110,763,1120,821,1,7,11,3,9,52,"Bridge",0
"1181",599,"B",1120,763,1130,821,NA,7,11,3,9,53,"Bridge",1
"1183",600,"r",1130,763,1140,821,NA,7,11,3,9,54,"Bridge",2
"1185",601,"i",1140,763,1150,821,NA,7,11,3,9,55,"Bridge",3
"1187",602,"d",1150,763,1160,821,NA,7,11,3,9,56,"Bridge",4
"1189",603,"g",1160,763,1170,821,NA,7,11,3,9,57,"Bridge",5
"1191",604,"e",1170,763,1180,821,NA,7,11,3,9,58,"Bridge",6
"1193",605,"",1180,763,1190,821,1,7,11,4,10,59,"was",0
"1195",606,"w",1190,763,1200,821,NA,7,11,4,10,60,"was",1
"1197",607,"a",1200,763,1210,821,NA,7,11,4,10,61,"was",2
"1199",608,"s",1210,763,1220,821,2,7,11,4,10,62,"was",3
"1201",610,"f",600,831,610,889,NA,7,12,5,1,1,"finally",1
"1203",611,"i",610,831,620,889,NA,7,12,5,1,2,"finally",2
"1205",612,"n",620,831,630,889,NA,7,12,5,1,3,"finally",3
"1207",613,"a",630,831,640,889,NA,7,12,5,1,4,"finally",4
"1209",614,"l",640,831,650,889,NA,7,12,5,1,5,"finally",5
"1211",615,"l",650,831,660,889,NA,7,12,5,1,6,"finally",6
"1213",616,"y",660,831,670,889,NA,7,12,5,1,7,"finally",7
"1215",617,"",670,831,680,889,1,7,12,6,2,8,"completed",0
"1217",618,"c",680,831,690,889,NA,7,12,6,2,9,"completed",1
"1219",619,"o",690,831,700,889,NA,7,12,6,2,10,"completed",2
"1221",620,"m",700,831,710,889,NA,7,12,6,2,11,"completed",3
"1223",621,"p",710,831,720,889,NA,7,12,6,2,12,"completed",4
"1225",622,"l",720,831,730,889,NA,7,12,6,2,13,"completed",5
"1227",623,"e",730,831,740,889,NA,7,12,6,2,14,"completed",6
"1229",624,"t",740,831,750,889,NA,7,12,6,2,15,"completed",7
"1231",625,"e",750,831,760,889,NA,7,12,6,2,16,"completed",8
"1233",626,"d",760,831,770,889,NA,7,12,6,2,17,"completed",9
"1235",627,"",770,831,780,889,1,7,12,7,3,18,"in",0
"1237",628,"i",780,831,790,889,NA,7,12,7,3,19,"in",1
"1239",629,"n",790,831,800,889,NA,7,12,7,3,20,"in",2
"1241",630,"",800,831,810,889,1,7,12,8,4,21,"1883",0
"1243",631,"1",810,831,820,889,NA,7,12,8,4,22,"1883",1
"1245",632,"8",820,831,830,889,NA,7,12,8,4,23,"1883",2
"1247",633,"8",830,831,840,889,NA,7,12,8,4,24,"1883",3
"1249",634,"3",840,831,850,889,NA,7,12,8,4,25,"1883",4
"1251",635,"",850,831,860,889,1,7,12,9,5,26,"under",0
"1253",636,"u",860,831,870,889,NA,7,12,9,5,27,"under",1
"1255",637,"n",870,831,880,889,NA,7,12,9,5,28,"under",2
"1257",638,"d",880,831,890,889,NA,7,12,9,5,29,"under",3
"1259",639,"e",890,831,900,889,NA,7,12,9,5,30,"under",4
"1261",640,"r",900,831,910,889,NA,7,12,9,5,31,"under",5
"1263",641,"",910,831,920,889,1,7,12,10,6,32,"the",0
"1265",642,"t",920,831,930,889,NA,7,12,10,6,33,"the",1
"1267",643,"h",930,831,940,889,NA,7,12,10,6,34,"the",2
"1269",644,"e",940,831,950,889,NA,7,12,10,6,35,"the",3
"1271",645,"",950,831,960,889,1,7,12,11,7,36,"direction",0
"1273",646,"d",960,831,970,889,NA,7,12,11,7,37,"direction",1
"1275",647,"i",970,831,980,889,NA,7,12,11,7,38,"direction",2
"1277",648,"r",980,831,990,889,NA,7,12,11,7,39,"direction",3
"1279",649,"e",990,831,1000,889,NA,7,12,11,7,40,"direction",4
"1281",650,"c",1000,831,1010,889,NA,7,12,11,7,41,"direction",5
"1283",651,"t",1010,831,1020,889,NA,7,12,11,7,42,"direction",6
"1285",652,"i",1020,831,1030,889,NA,7,12,11,7,43,"direction",7
"1287",653,"o",1030,831,1040,889,NA,7,12,11,7,44,"direction",8
"1289",654,"n",1040,831,1050,889,NA,7,12,11,7,45,"direction",9
"1291",655,"",1050,831,1060,889,1,7,12,12,8,46,"of",0
"1293",656,"o",1060,831,1070,889,NA,7,12,12,8,47,"of",1
"1295",657,"f",1070,831,1080,889,NA,7,12,12,8,48,"of",2
"1297",658,"",1080,831,1090,889,1,7,12,13,9,49,"his",0
"1299",659,"h",1090,831,1100,889,NA,7,12,13,9,50,"his",1
"1301",660,"i",1100,831,1110,889,NA,7,12,13,9,51,"his",2
"1303",661,"s",1110,831,1120,889,NA,7,12,13,9,52,"his",3
"1305",662,"",1120,831,1130,889,1,7,12,14,10,53,"son.",0
"1307",663,"s",1130,831,1140,889,NA,7,12,14,10,54,"son.",1
"1309",664,"o",1140,831,1150,889,NA,7,12,14,10,55,"son.",2
"1311",665,"n",1150,831,1160,889,NA,7,12,14,10,56,"son.",3
"1313",666,".",1160,831,1170,889,2,7,12,14,10,57,"son.",4
"1315",668,"A",600,899,610,957,NA,8,13,1,1,1,"At",1
"1317",669,"t",610,899,620,957,NA,8,13,1,1,2,"At",2
"1319",670,"",620,899,630,957,1,8,13,2,2,3,"that",0
"1321",671,"t",630,899,640,957,NA,8,13,2,2,4,"that",1
"1323",672,"h",640,899,650,957,NA,8,13,2,2,5,"that",2
"1325",673,"a",650,899,660,957,NA,8,13,2,2,6,"that",3
"1327",674,"t",660,899,670,957,NA,8,13,2,2,7,"that",4
"1329",675,"",670,899,680,957,1,8,13,3,3,8,"time",0
"1331",676,"t",680,899,690,957,NA,8,13,3,3,9,"time",1
"1333",677,"i",690,899,700,957,NA,8,13,3,3,10,"time",2
"1335",678,"m",700,899,710,957,NA,8,13,3,3,11,"time",3
"1337",679,"e",710,899,720,957,NA,8,13,3,3,12,"time",4
"1339",680,"",720,899,730,957,1,8,13,4,4,13,"it",0
"1341",681,"i",730,899,740,957,NA,8,13,4,4,14,"it",1
"1343",682,"t",740,899,750,957,NA,8,13,4,4,15,"it",2
"1345",683,"",750,899,760,957,1,8,13,5,5,16,"was",0
"1347",684,"w",760,899,770,957,NA,8,13,5,5,17,"was",1
"1349",685,"a",770,899,780,957,NA,8,13,5,5,18,"was",2
"1351",686,"s",780,899,790,957,NA,8,13,5,5,19,"was",3
"1353",687,"",790,899,800,957,1,8,13,6,6,20,"the",0
"1355",688,"t",800,899,810,957,NA,8,13,6,6,21,"the",1
"1357",689,"h",810,899,820,957,NA,8,13,6,6,22,"the",2
"1359",690,"e",820,899,830,957,NA,8,13,6,6,23,"the",3
"1361",691,"",830,899,840,957,1,8,13,7,7,24,"world's",0
"1363",692,"w",840,899,850,957,NA,8,13,7,7,25,"world's",1
"1365",693,"o",850,899,860,957,NA,8,13,7,7,26,"world's",2
"1367",694,"r",860,899,870,957,NA,8,13,7,7,27,"world's",3
"1369",695,"l",870,899,880,957,NA,8,13,7,7,28,"world's",4
"1371",696,"d",880,899,890,957,NA,8,13,7,7,29,"world's",5
"1373",697,"'",890,899,900,957,NA,8,13,7,7,30,"world's",6
"1375",698,"s",900,899,910,957,NA,8,13,7,7,31,"world's",7
"1377",699,"",910,899,920,957,1,8,13,8,8,32,"longest",0
"1379",700,"l",920,899,930,957,NA,8,13,8,8,33,"longest",1
"1381",701,"o",930,899,940,957,NA,8,13,8,8,34,"longest",2
"1383",702,"n",940,899,950,957,NA,8,13,8,8,35,"longest",3
"1385",703,"g",950,899,960,957,NA,8,13,8,8,36,"longest",4
"1387",704,"e",960,899,970,957,NA,8,13,8,8,37,"longest",5
"1389",705,"s",970,899,980,957,NA,8,13,8,8,38,"longest",6
"1391",706,"t",980,899,990,957,NA,8,13,8,8,39,"longest",7
"1393",707,"",990,899,1000,957,1,8,13,9,9,40,"suspension",0
"1395",708,"s",1000,899,1010,957,NA,8,13,9,9,41,"suspension",1
"1397",709,"u",1010,899,1020,957,NA,8,13,9,9,42,"suspension",2
"1399",710,"s",1020,899,1030,957,NA,8,13,9,9,43,"suspension",3
"1401",711,"p",1030,899,1040,957,NA,8,13,9,9,44,"suspension",4
"1403",712,"e",1040,899,1050,957,NA,8,13,9,9,45,"suspension",5
"1405",713,"n",1050,899,1060,957,NA,8,13,9,9,46,"suspension",6
"1407",714,"s",1060,899,1070,957,NA,8,13,9,9,47,"suspension",7
"1409",715,"i",1070,899,1080,957,NA,8,13,9,9,48,"suspension",8
"1411",716,"o",1080,899,1090,957,NA,8,13,9,9,49,"suspension",9
"1413",717,"n",1090,899,1100,957,NA,8,13,9,9,50,"suspension",10
"1415",718,"",NA,1100,899,1110,NA,8,13,10,9,51,"bridge.",0
"1417",719,"b",1110,899,1120,957,NA,8,13,10,9,52,"bridge.",1
"1419",720,"r",1120,899,1130,957,NA,8,13,10,9,53,"bridge.",2
"1421",721,"i",1130,899,1140,957,NA,8,13,10,9,54,"bridge.",3
"1423",722,"d",1140,899,1150,957,NA,8,13,10,9,55,"bridge.",4
"1425",723,"g",1150,899,1160,957,NA,8,13,10,9,56,"bridge.",5
"1427",724,"e",1160,899,1170,957,2,8,13,10,9,57,"bridge.",6
"1429",725,".",1170,899,1180,957,2,8,14,10,1,1,"bridge.",7
